<beans xmlns="http://www.springframework.org/schema/beans"
	   xmlns:xsi="http://www.w3.org/2001/XMLSchema-instance"
       xmlns:http="http://cxf.apache.org/transports/http/configuration"
       xmlns:httpj="http://cxf.apache.org/transports/http-jetty/configuration"
       xmlns:beans="http://www.springframework.org/schema/beans"
       xmlns:context="http://www.springframework.org/schema/context"
       xmlns:p="http://www.springframework.org/schema/p"
       xmlns:util="http://www.springframework.org/schema/util"
       xmlns:jaxws="http://cxf.apache.org/jaxws"

       xsi:schemaLocation="http://cxf.apache.org/transports/http/configuration
            http://cxf.apache.org/schemas/configuration/http-conf.xsd
            http://cxf.apache.org/transports/http-jetty/configuration
            http://cxf.apache.org/schemas/configuration/http-jetty.xsd
            http://www.springframework.org/schema/beans
            http://www.springframework.org/schema/beans/spring-beans.xsd
            http://www.springframework.org/schema/context
            http://www.springframework.org/schema/context/spring-context.xsd
            http://www.springframework.org/schema/util
            http://www.springframework.org/schema/util/spring-util.xsd
            http://cxf.apache.org/jaxws 
            http://cxf.apache.org/schemas/jaxws.xsd">

    <import resource="classpath:META-INF/cxf/cxf.xml" />
        
    <bean class="org.springframework.beans.factory.config.PropertyPlaceholderConfigurer" lazy-init="false">
        <property name="locations">
            <list>
                <value>classpath:localOverride.${user.name}.properties</value>
            </list>
        </property>
        <property name="ignoreResourceNotFound" value="true" />
        <property name="systemPropertiesModeName" value="SYSTEM_PROPERTIES_MODE_OVERRIDE" />
    </bean>
    
    <bean id="wfRepository" class="org.copperengine.core.wfrepo.FileBasedWorkflowRepository" scope="singleton" init-method="start" destroy-method="shutdown">
    	<property name="sourceDirs"><list>
    		<value>src/workflow/java</value>
    	</list></property>
    	<property name="targetDir" value="build/compiled_workflow"/>
    </bean>
    
	<bean id="datasource_default" class="org.apache.derby.jdbc.EmbeddedConnectionPoolDataSource40">
    	<property name="databaseName" value="./build/copperExampleDB;create=true"/>
	</bean>
	
	<bean id="dbDialect" class="org.copperengine.core.persistent.DerbyDbDialect" scope="singleton" init-method="startup">
		<property name="wfRepository" ref="wfRepository"/>
		<property name="runtimeStatisticsCollector" ref="statisticsCollector"/>
		<property name="dataSource" ref="datasource_default"/>
	</bean>
		
	<bean id="persistent.dbStorage" class="org.copperengine.core.persistent.ScottyDBStorage" scope="singleton">
		<property name="transactionController" ref="txnController"/>
		<property name="dialect" ref="dbDialect"/>
		<property name="batcher" ref="batcher"/>
		<property name="checkDbConsistencyAtStartup" value="true"/>
	</bean>
	
	<bean id="txnController" class="org.copperengine.core.persistent.txn.CopperTransactionController" scope="singleton">
		<property name="dataSource" ref="datasource_default"/>
	</bean>	
	
	<bean id="statisticsCollector" class="org.copperengine.core.monitoring.LoggingStatisticCollector" init-method="start" destroy-method="shutdown"/>
	
	<bean id="batcher" class="org.copperengine.core.batcher.impl.BatcherImpl" scope="singleton" init-method="startup" destroy-method="shutdown">
    	<constructor-arg type="int"><value>3</value></constructor-arg>
    	<property name="statisticsCollector" ref="statisticsCollector"/>
    	<property name="batchRunner">
    		<bean class="org.copperengine.core.batcher.RetryingTxnBatchRunner">
		    	<property name="dataSource" ref="datasource_default"/>
    		</bean>
    	</property>
	</bean>
	
    <bean id="persistent.ProcessorPool.default" class="org.copperengine.core.persistent.PersistentPriorityProcessorPool" scope="singleton">
    	<constructor-arg type="java.lang.String"><value>P#DEFAULT</value></constructor-arg>
    	<constructor-arg type="org.copperengine.core.persistent.txn.TransactionController"><ref bean="txnController"/></constructor-arg>
    </bean>
           
	<bean id="persistent.PPManager" class="org.copperengine.core.common.DefaultProcessorPoolManager" scope="singleton">
		<property name="processorPools">
    		<list>
    			<ref bean="persistent.ProcessorPool.default" />
		    </list>
  		</property>
	</bean>
	
	<bean id="persistent.engine" class="org.copperengine.core.persistent.PersistentScottyEngine" scope="singleton" init-method="startup" destroy-method="shutdown">
		<property name="idFactory">
			<bean class = "org.copperengine.core.common.JdkRandomUUIDFactory"></bean>
		</property>
		<property name="processorPoolManager" ref="persistent.PPManager"/>
		<property name="dependencyInjector">
			<bean class="org.copperengine.spring.SpringDependencyInjector"></bean>
		</property>
		<property name="dbStorage" ref="persistent.dbStorage"/>
		<property name="wfRepository" ref="wfRepository"/>
    	<property name="statisticsCollector" ref="statisticsCollector"/>
	</bean>
	
	<bean id="auditTrail" class="org.copperengine.core.audit.BatchingAuditTrail" scope="singleton" init-method="startup">
		<property name="batcher" ref="batcher"/>
		<property name="dataSource" ref="datasource_default"/>
	</bean>
		
	<bean class="org.copperengine.spring.JmxExporter" init-method="startup" destroy-method="shutdown"/>    


	<beans:bean id="networkServiceAdapter" class="org.copperengine.examples.orchestration.adapter.NetworkServiceAdapterImpl">
		<beans:property name="engine" ref="persistent.engine"/>
		<beans:property name="callbachURI" value="http://localhost:9091/services/asyncNetworkServiceResponseReceiver?wsdl"/>
		<beans:property name="networkServiceProvider" ref="networkServiceProvider"/>
	</beans:bean>
	
	<beans:bean id="OrchestrationInputAdapter" class="org.copperengine.examples.orchestration.adapter.OrchestrationInputAdapter">
		<beans:property name="engine" ref="persistent.engine"/>
	</beans:bean>

	<jaxws:client id="customerService" serviceClass="org.copperengine.customerservice.CustomerService" address="http://localhost:9092/services/CustomerService?wsdl" wsdlLocation="classpath:wsdl/CustomerService.wsdl">
		<jaxws:features>
			<bean class="org.apache.cxf.feature.LoggingFeature" />
		</jaxws:features>
	</jaxws:client>

	<jaxws:client id="networkServiceProvider" serviceClass="org.copperengine.network.mobile.services.NetworkServiceProvider" address="http://localhost:9092/services/NetworkServiceProvider?wsdl" wsdlLocation="classpath:wsdl/MobileNetworkServices.wsdl">
		<jaxws:features>
			<bean class="org.apache.cxf.feature.LoggingFeature" />
		</jaxws:features>
	</jaxws:client>

    <jaxws:endpoint id="OrchestrationEndpoint" address="http://localhost:9091/services/orchestration">
        <jaxws:implementor>
            <beans:ref bean="OrchestrationInputAdapter" />
        </jaxws:implementor>
        <jaxws:properties>
            <entry key="schema-validation-enabled" value="true" />
        </jaxws:properties>
        <jaxws:features>
            <bean class="org.apache.cxf.feature.LoggingFeature" />
        </jaxws:features>
    </jaxws:endpoint>     
    
    <jaxws:endpoint id="AsyncNetworkServiceResponseReceiverEndpoint" address="http://localhost:9091/services/asyncNetworkServiceResponseReceiver">
        <jaxws:implementor>
            <beans:ref bean="networkServiceAdapter" />
        </jaxws:implementor>
        <jaxws:properties>
            <entry key="schema-validation-enabled" value="true" />
        </jaxws:properties>
        <jaxws:features>
            <bean class="org.apache.cxf.feature.LoggingFeature" />
        </jaxws:features>
    </jaxws:endpoint>       
</beans>